<?xml version="1.0" encoding="UTF-8"?><font><info face="dark" size="100" bold="0" italic="0" charset="" unicode="1" stretchH="100" smooth="1" aa="1" padding="1,1,1,1" spacing="1,1"/><common lineHeight="115" base="90" scaleW="654" scaleH="644" pages="1" packed="0"/><pages><page id="0" file="dark.png"/></pages><chars count="157"><char id="32" x="0" y="0" width="0" height="0" xoffset="0" yoffset="0" xadvance="16" page="0" chnl="15"/><!--   --><char id="33" x="299" y="260" width="13" height="69" xoffset="3" yoffset="23" xadvance="19" page="0" chnl="15"/><!-- ! --><char id="34" x="555" y="592" width="23" height="28" xoffset="3" yoffset="20" xadvance="30" page="0" chnl="15"/><!-- " --><char id="35" x="442" y="469" width="44" height="64" xoffset="1" yoffset="27" xadvance="46" page="0" chnl="15"/><!-- # --><char id="36" x="275" y="0" width="36" height="86" xoffset="7" yoffset="14" xadvance="50" page="0" chnl="15"/><!-- $ --><char id="37" x="431" y="188" width="65" height="70" xoffset="4" yoffset="22" xadvance="73" page="0" chnl="15"/><!-- % --><char id="38" x="530" y="188" width="49" height="70" xoffset="2" yoffset="22" xadvance="51" page="0" chnl="15"/><!-- & --><char id="39" x="636" y="287" width="10" height="28" xoffset="3" yoffset="20" xadvance="16" page="0" chnl="15"/><!-- ' --><char id="40" x="191" y="0" width="16" height="87" xoffset="4" yoffset="19" xadvance="22" page="0" chnl="15"/><!-- ( --><char id="41" x="208" y="0" width="17" height="87" xoffset="1" yoffset="19" xadvance="22" page="0" chnl="15"/><!-- ) --><char id="42" x="579" y="592" width="29" height="27" xoffset="3" yoffset="21" xadvance="35" page="0" chnl="15"/><!-- * --><char id="43" x="519" y="592" width="35" height="33" xoffset="7" yoffset="43" xadvance="49" page="0" chnl="15"/><!-- + --><char id="44" x="636" y="260" width="15" height="26" xoffset="1" yoffset="78" xadvance="20" page="0" chnl="15"/><!-- , --><char id="45" x="54" y="92" width="29" height="9" xoffset="4" yoffset="59" xadvance="37" page="0" chnl="15"/><!-- - --><char id="46" x="637" y="63" width="13" height="13" xoffset="3" yoffset="79" xadvance="19" page="0" chnl="15"/><!-- . --><char id="47" x="0" y="400" width="30" height="68" xoffset="0" yoffset="23" xadvance="30" page="0" chnl="15"/><!-- / --><char id="48" x="35" y="188" width="37" height="70" xoffset="4" yoffset="22" xadvance="45" page="0" chnl="15"/><!-- 0 --><char id="49" x="381" y="260" width="34" height="68" xoffset="1" yoffset="23" xadvance="35" page="0" chnl="15"/><!-- 1 --><char id="50" x="222" y="260" width="35" height="69" xoffset="3" yoffset="22" xadvance="42" page="0" chnl="15"/><!-- 2 --><char id="51" x="73" y="188" width="36" height="70" xoffset="3" yoffset="22" xadvance="42" page="0" chnl="15"/><!-- 3 --><char id="52" x="416" y="260" width="42" height="68" xoffset="-1" yoffset="23" xadvance="42" page="0" chnl="15"/><!-- 4 --><char id="53" x="618" y="188" width="36" height="69" xoffset="2" yoffset="23" xadvance="41" page="0" chnl="15"/><!-- 5 --><char id="54" x="110" y="188" width="37" height="70" xoffset="4" yoffset="22" xadvance="44" page="0" chnl="15"/><!-- 6 --><char id="55" x="459" y="260" width="39" height="68" xoffset="2" yoffset="23" xadvance="40" page="0" chnl="15"/><!-- 7 --><char id="56" x="148" y="188" width="39" height="70" xoffset="2" yoffset="22" xadvance="44" page="0" chnl="15"/><!-- 8 --><char id="57" x="188" y="188" width="38" height="70" xoffset="3" yoffset="22" xadvance="45" page="0" chnl="15"/><!-- 9 --><char id="58" x="639" y="331" width="13" height="50" xoffset="3" yoffset="42" xadvance="19" page="0" chnl="15"/><!-- : --><char id="59" x="637" y="0" width="16" height="62" xoffset="0" yoffset="42" xadvance="20" page="0" chnl="15"/><!-- ; --><char id="61" x="609" y="592" width="35" height="24" xoffset="7" yoffset="48" xadvance="49" page="0" chnl="15"/><!-- = --><char id="63" x="497" y="188" width="32" height="70" xoffset="2" yoffset="22" xadvance="37" page="0" chnl="15"/><!-- ? --><char id="64" x="11" y="0" width="69" height="91" xoffset="3" yoffset="19" xadvance="75" page="0" chnl="15"/><!-- @ --><char id="65" x="499" y="260" width="45" height="68" xoffset="-1" yoffset="23" xadvance="43" page="0" chnl="15"/><!-- A --><char id="66" x="545" y="260" width="37" height="68" xoffset="5" yoffset="23" xadvance="45" page="0" chnl="15"/><!-- B --><char id="67" x="265" y="188" width="41" height="70" xoffset="4" yoffset="22" xadvance="49" page="0" chnl="15"/><!-- C --><char id="68" x="583" y="260" width="41" height="68" xoffset="5" yoffset="23" xadvance="50" page="0" chnl="15"/><!-- D --><char id="69" x="0" y="331" width="32" height="68" xoffset="5" yoffset="23" xadvance="42" page="0" chnl="15"/><!-- E --><char id="70" x="33" y="331" width="32" height="68" xoffset="5" yoffset="23" xadvance="40" page="0" chnl="15"/><!-- F --><char id="71" x="307" y="188" width="42" height="70" xoffset="4" yoffset="22" xadvance="51" page="0" chnl="15"/><!-- G --><char id="72" x="66" y="331" width="41" height="68" xoffset="5" yoffset="23" xadvance="51" page="0" chnl="15"/><!-- H --><char id="73" x="625" y="260" width="10" height="68" xoffset="5" yoffset="23" xadvance="21" page="0" chnl="15"/><!-- I --><char id="74" x="523" y="0" width="17" height="82" xoffset="-2" yoffset="23" xadvance="21" page="0" chnl="15"/><!-- J --><char id="75" x="108" y="331" width="41" height="68" xoffset="5" yoffset="23" xadvance="46" page="0" chnl="15"/><!-- K --><char id="76" x="150" y="331" width="32" height="68" xoffset="5" yoffset="23" xadvance="37" page="0" chnl="15"/><!-- L --><char id="77" x="183" y="331" width="52" height="68" xoffset="4" yoffset="23" xadvance="60" page="0" chnl="15"/><!-- M --><char id="78" x="236" y="331" width="41" height="68" xoffset="5" yoffset="23" xadvance="51" page="0" chnl="15"/><!-- N --><char id="79" x="350" y="188" width="41" height="70" xoffset="4" yoffset="22" xadvance="50" page="0" chnl="15"/><!-- O --><char id="80" x="278" y="331" width="36" height="68" xoffset="5" yoffset="23" xadvance="43" page="0" chnl="15"/><!-- P --><char id="81" x="149" y="0" width="41" height="88" xoffset="4" yoffset="22" xadvance="50" page="0" chnl="15"/><!-- Q --><char id="82" x="315" y="331" width="40" height="68" xoffset="5" yoffset="23" xadvance="47" page="0" chnl="15"/><!-- R --><char id="83" x="392" y="188" width="38" height="70" xoffset="2" yoffset="22" xadvance="43" page="0" chnl="15"/><!-- S --><char id="84" x="356" y="331" width="39" height="68" xoffset="1" yoffset="23" xadvance="41" page="0" chnl="15"/><!-- T --><char id="85" x="258" y="260" width="40" height="69" xoffset="5" yoffset="23" xadvance="50" page="0" chnl="15"/><!-- U --><char id="86" x="396" y="331" width="45" height="68" xoffset="0" yoffset="23" xadvance="45" page="0" chnl="15"/><!-- V --><char id="87" x="442" y="331" width="65" height="68" xoffset="0" yoffset="23" xadvance="66" page="0" chnl="15"/><!-- W --><char id="88" x="508" y="331" width="44" height="68" xoffset="-1" yoffset="23" xadvance="43" page="0" chnl="15"/><!-- X --><char id="89" x="553" y="331" width="43" height="68" xoffset="-1" yoffset="23" xadvance="42" page="0" chnl="15"/><!-- Y --><char id="90" x="597" y="331" width="41" height="68" xoffset="0" yoffset="23" xadvance="42" page="0" chnl="15"/><!-- Z --><char id="91" x="312" y="0" width="19" height="86" xoffset="4" yoffset="19" xadvance="21" page="0" chnl="15"/><!-- [ --><char id="93" x="332" y="0" width="19" height="86" xoffset="-2" yoffset="19" xadvance="21" page="0" chnl="15"/><!-- ] --><char id="94" x="483" y="592" width="35" height="36" xoffset="2" yoffset="20" xadvance="39" page="0" chnl="15"/><!-- ^ --><char id="95" x="11" y="92" width="42" height="9" xoffset="-1" yoffset="95" xadvance="40" page="0" chnl="15"/><!-- _ --><char id="97" x="622" y="400" width="32" height="53" xoffset="3" yoffset="39" xadvance="39" page="0" chnl="15"/><!-- a --><char id="98" x="135" y="105" width="34" height="72" xoffset="4" yoffset="20" xadvance="42" page="0" chnl="15"/><!-- b --><char id="99" x="587" y="469" width="34" height="53" xoffset="3" yoffset="39" xadvance="40" page="0" chnl="15"/><!-- c --><char id="100" x="170" y="105" width="35" height="72" xoffset="3" yoffset="20" xadvance="42" page="0" chnl="15"/><!-- d --><char id="101" x="0" y="538" width="34" height="53" xoffset="3" yoffset="39" xadvance="41" page="0" chnl="15"/><!-- e --><char id="102" x="206" y="105" width="31" height="72" xoffset="0" yoffset="19" xadvance="29" page="0" chnl="15"/><!-- f --><char id="103" x="352" y="0" width="38" height="84" xoffset="1" yoffset="27" xadvance="40" page="0" chnl="15"/><!-- g --><char id="104" x="357" y="105" width="35" height="71" xoffset="4" yoffset="20" xadvance="43" page="0" chnl="15"/><!-- h --><char id="105" x="636" y="105" width="13" height="70" xoffset="3" yoffset="21" xadvance="19" page="0" chnl="15"/><!-- i --><char id="106" x="130" y="0" width="18" height="89" xoffset="-3" yoffset="21" xadvance="18" page="0" chnl="15"/><!-- j --><char id="107" x="393" y="105" width="35" height="71" xoffset="4" yoffset="20" xadvance="39" page="0" chnl="15"/><!-- k --><char id="108" x="429" y="105" width="10" height="71" xoffset="4" yoffset="20" xadvance="19" page="0" chnl="15"/><!-- l --><char id="109" x="276" y="538" width="56" height="52" xoffset="4" yoffset="39" xadvance="65" page="0" chnl="15"/><!-- m --><char id="110" x="333" y="538" width="35" height="52" xoffset="4" yoffset="39" xadvance="43" page="0" chnl="15"/><!-- n --><char id="111" x="35" y="538" width="35" height="53" xoffset="3" yoffset="39" xadvance="42" page="0" chnl="15"/><!-- o --><char id="112" x="440" y="105" width="34" height="71" xoffset="4" yoffset="39" xadvance="42" page="0" chnl="15"/><!-- p --><char id="113" x="475" y="105" width="34" height="71" xoffset="3" yoffset="39" xadvance="42" page="0" chnl="15"/><!-- q --><char id="114" x="369" y="538" width="24" height="52" xoffset="4" yoffset="39" xadvance="29" page="0" chnl="15"/><!-- r --><char id="115" x="71" y="538" width="31" height="53" xoffset="3" yoffset="39" xadvance="36" page="0" chnl="15"/><!-- s --><char id="116" x="412" y="469" width="29" height="65" xoffset="0" yoffset="27" xadvance="31" page="0" chnl="15"/><!-- t --><char id="117" x="394" y="538" width="34" height="52" xoffset="4" yoffset="40" xadvance="42" page="0" chnl="15"/><!-- u --><char id="118" x="93" y="592" width="37" height="51" xoffset="1" yoffset="40" xadvance="39" page="0" chnl="15"/><!-- v --><char id="119" x="131" y="592" width="54" height="51" xoffset="1" yoffset="40" xadvance="57" page="0" chnl="15"/><!-- w --><char id="120" x="186" y="592" width="38" height="51" xoffset="0" yoffset="40" xadvance="38" page="0" chnl="15"/><!-- x --><char id="121" x="227" y="188" width="37" height="70" xoffset="1" yoffset="40" xadvance="39" page="0" chnl="15"/><!-- y --><char id="122" x="225" y="592" width="34" height="51" xoffset="1" yoffset="40" xadvance="36" page="0" chnl="15"/><!-- z --><char id="123" x="226" y="0" width="24" height="87" xoffset="-1" yoffset="19" xadvance="21" page="0" chnl="15"/><!-- { --><char id="124" x="0" y="0" width="10" height="104" xoffset="5" yoffset="6" xadvance="21" page="0" chnl="15"/><!-- | --><char id="125" x="251" y="0" width="23" height="87" xoffset="-2" yoffset="19" xadvance="21" page="0" chnl="15"/><!-- } --><char id="1025" x="391" y="0" width="32" height="84" xoffset="5" yoffset="7" xadvance="42" page="0" chnl="15"/><!-- Ё --><char id="1040" x="66" y="400" width="45" height="68" xoffset="-1" yoffset="23" xadvance="43" page="0" chnl="15"/><!-- А --><char id="1041" x="112" y="400" width="37" height="68" xoffset="5" yoffset="23" xadvance="44" page="0" chnl="15"/><!-- Б --><char id="1042" x="150" y="400" width="37" height="68" xoffset="5" yoffset="23" xadvance="45" page="0" chnl="15"/><!-- В --><char id="1043" x="188" y="400" width="31" height="68" xoffset="5" yoffset="23" xadvance="37" page="0" chnl="15"/><!-- Г --><char id="1044" x="541" y="0" width="49" height="82" xoffset="-1" yoffset="23" xadvance="48" page="0" chnl="15"/><!-- Д --><char id="1045" x="220" y="400" width="32" height="68" xoffset="5" yoffset="23" xadvance="42" page="0" chnl="15"/><!-- Е --><char id="1046" x="253" y="400" width="64" height="68" xoffset="1" yoffset="23" xadvance="66" page="0" chnl="15"/><!-- Ж --><char id="1047" x="0" y="260" width="38" height="70" xoffset="3" yoffset="22" xadvance="44" page="0" chnl="15"/><!-- З --><char id="1048" x="318" y="400" width="41" height="68" xoffset="5" yoffset="23" xadvance="51" page="0" chnl="15"/><!-- И --><char id="1049" x="424" y="0" width="41" height="83" xoffset="5" yoffset="8" xadvance="51" page="0" chnl="15"/><!-- Й --><char id="1050" x="360" y="400" width="41" height="68" xoffset="5" yoffset="23" xadvance="45" page="0" chnl="15"/><!-- К --><char id="1051" x="402" y="400" width="45" height="68" xoffset="-1" yoffset="23" xadvance="43" page="0" chnl="15"/><!-- Л --><char id="1052" x="448" y="400" width="52" height="68" xoffset="4" yoffset="23" xadvance="60" page="0" chnl="15"/><!-- М --><char id="1053" x="501" y="400" width="41" height="68" xoffset="5" yoffset="23" xadvance="51" page="0" chnl="15"/><!-- Н --><char id="1054" x="39" y="260" width="41" height="70" xoffset="4" yoffset="22" xadvance="50" page="0" chnl="15"/><!-- О --><char id="1055" x="543" y="400" width="41" height="68" xoffset="5" yoffset="23" xadvance="51" page="0" chnl="15"/><!-- П --><char id="1056" x="585" y="400" width="36" height="68" xoffset="5" yoffset="23" xadvance="43" page="0" chnl="15"/><!-- Р --><char id="1057" x="81" y="260" width="41" height="70" xoffset="4" yoffset="22" xadvance="49" page="0" chnl="15"/><!-- С --><char id="1058" x="0" y="469" width="39" height="68" xoffset="1" yoffset="23" xadvance="41" page="0" chnl="15"/><!-- Т --><char id="1059" x="40" y="469" width="43" height="68" xoffset="0" yoffset="23" xadvance="43" page="0" chnl="15"/><!-- У --><char id="1060" x="466" y="0" width="56" height="83" xoffset="4" yoffset="16" xadvance="64" page="0" chnl="15"/><!-- Ф --><char id="1061" x="84" y="469" width="44" height="68" xoffset="-1" yoffset="23" xadvance="43" page="0" chnl="15"/><!-- Х --><char id="1062" x="591" y="0" width="45" height="82" xoffset="5" yoffset="23" xadvance="51" page="0" chnl="15"/><!-- Ц --><char id="1063" x="129" y="469" width="40" height="68" xoffset="4" yoffset="23" xadvance="49" page="0" chnl="15"/><!-- Ч --><char id="1064" x="170" y="469" width="58" height="68" xoffset="5" yoffset="23" xadvance="69" page="0" chnl="15"/><!-- Ш --><char id="1065" x="0" y="105" width="64" height="82" xoffset="5" yoffset="23" xadvance="69" page="0" chnl="15"/><!-- Щ --><char id="1066" x="229" y="469" width="48" height="68" xoffset="1" yoffset="23" xadvance="51" page="0" chnl="15"/><!-- Ъ --><char id="1067" x="278" y="469" width="54" height="68" xoffset="5" yoffset="23" xadvance="64" page="0" chnl="15"/><!-- Ы --><char id="1068" x="333" y="469" width="37" height="68" xoffset="5" yoffset="23" xadvance="44" page="0" chnl="15"/><!-- Ь --><char id="1069" x="123" y="260" width="39" height="70" xoffset="4" yoffset="22" xadvance="47" page="0" chnl="15"/><!-- Э --><char id="1070" x="163" y="260" width="58" height="70" xoffset="5" yoffset="22" xadvance="67" page="0" chnl="15"/><!-- Ю --><char id="1071" x="371" y="469" width="40" height="68" xoffset="1" yoffset="23" xadvance="47" page="0" chnl="15"/><!-- Я --><char id="1072" x="622" y="454" width="32" height="53" xoffset="3" yoffset="39" xadvance="39" page="0" chnl="15"/><!-- а --><char id="1073" x="65" y="105" width="34" height="73" xoffset="4" yoffset="19" xadvance="42" page="0" chnl="15"/><!-- б --><char id="1074" x="100" y="105" width="34" height="73" xoffset="4" yoffset="19" xadvance="42" page="0" chnl="15"/><!-- в --><char id="1075" x="103" y="538" width="32" height="53" xoffset="2" yoffset="39" xadvance="37" page="0" chnl="15"/><!-- г --><char id="1076" x="238" y="105" width="34" height="72" xoffset="3" yoffset="39" xadvance="42" page="0" chnl="15"/><!-- д --><char id="1077" x="136" y="538" width="34" height="53" xoffset="3" yoffset="39" xadvance="41" page="0" chnl="15"/><!-- е --><char id="1078" x="545" y="105" width="54" height="71" xoffset="0" yoffset="20" xadvance="54" page="0" chnl="15"/><!-- ж --><char id="1079" x="273" y="105" width="33" height="72" xoffset="1" yoffset="39" xadvance="37" page="0" chnl="15"/><!-- з --><char id="1080" x="429" y="538" width="34" height="52" xoffset="4" yoffset="40" xadvance="42" page="0" chnl="15"/><!-- и --><char id="1081" x="31" y="400" width="34" height="68" xoffset="4" yoffset="24" xadvance="42" page="0" chnl="15"/><!-- й --><char id="1082" x="600" y="105" width="35" height="71" xoffset="4" yoffset="20" xadvance="38" page="0" chnl="15"/><!-- к --><char id="1083" x="260" y="592" width="37" height="51" xoffset="-1" yoffset="40" xadvance="36" page="0" chnl="15"/><!-- л --><char id="1084" x="298" y="592" width="41" height="51" xoffset="4" yoffset="40" xadvance="49" page="0" chnl="15"/><!-- м --><char id="1085" x="340" y="592" width="34" height="51" xoffset="4" yoffset="40" xadvance="42" page="0" chnl="15"/><!-- н --><char id="1086" x="171" y="538" width="35" height="53" xoffset="3" yoffset="39" xadvance="42" page="0" chnl="15"/><!-- о --><char id="1087" x="464" y="538" width="35" height="52" xoffset="4" yoffset="39" xadvance="43" page="0" chnl="15"/><!-- п --><char id="1088" x="0" y="188" width="34" height="71" xoffset="4" yoffset="39" xadvance="42" page="0" chnl="15"/><!-- р --><char id="1089" x="207" y="538" width="34" height="53" xoffset="3" yoffset="39" xadvance="40" page="0" chnl="15"/><!-- с --><char id="1090" x="500" y="538" width="56" height="52" xoffset="4" yoffset="39" xadvance="65" page="0" chnl="15"/><!-- т --><char id="1091" x="580" y="188" width="37" height="70" xoffset="1" yoffset="40" xadvance="39" page="0" chnl="15"/><!-- у --><char id="1092" x="81" y="0" width="48" height="90" xoffset="3" yoffset="20" xadvance="54" page="0" chnl="15"/><!-- ф --><char id="1093" x="375" y="592" width="38" height="51" xoffset="0" yoffset="40" xadvance="38" page="0" chnl="15"/><!-- х --><char id="1094" x="487" y="469" width="38" height="64" xoffset="4" yoffset="40" xadvance="43" page="0" chnl="15"/><!-- ц --><char id="1095" x="414" y="592" width="33" height="51" xoffset="3" yoffset="40" xadvance="41" page="0" chnl="15"/><!-- ч --><char id="1096" x="557" y="538" width="55" height="52" xoffset="4" yoffset="40" xadvance="64" page="0" chnl="15"/><!-- ш --><char id="1097" x="526" y="469" width="60" height="64" xoffset="4" yoffset="40" xadvance="65" page="0" chnl="15"/><!-- щ --><char id="1098" x="0" y="592" width="42" height="52" xoffset="-1" yoffset="40" xadvance="45" page="0" chnl="15"/><!-- ъ --><char id="1099" x="43" y="592" width="49" height="52" xoffset="4" yoffset="40" xadvance="57" page="0" chnl="15"/><!-- ы --><char id="1100" x="613" y="538" width="33" height="52" xoffset="4" yoffset="40" xadvance="40" page="0" chnl="15"/><!-- ь --><char id="1101" x="242" y="538" width="33" height="53" xoffset="3" yoffset="39" xadvance="40" page="0" chnl="15"/><!-- э --><char id="1102" x="307" y="105" width="49" height="72" xoffset="4" yoffset="20" xadvance="57" page="0" chnl="15"/><!-- ю --><char id="1103" x="448" y="592" width="34" height="51" xoffset="1" yoffset="40" xadvance="40" page="0" chnl="15"/><!-- я --><char id="1105" x="510" y="105" width="34" height="71" xoffset="3" yoffset="21" xadvance="41" page="0" chnl="15"/><!-- ё --><char id="8470" x="313" y="260" width="67" height="69" xoffset="5" yoffset="22" xadvance="76" page="0" chnl="15"/><!-- № --></chars></font>